,num_cicloestacion,nombre,latitud,longitud,station_id,community
0,710,CE-710 Molino del Rey - Glorieta de la Lealtad,19.416795,-99.192508,710,256
1,407,CE-407  Prolongación Xochicalco-General Emiliano Zapata,19.36726591257277,-99.15865559132271,407,359
2,428,CE-428  Prolongación Uxmal-Av. Popocatépetl (Eje 8),19.363404,-99.160395,428,584
3,427,CE-427 Avenida México-Coyoacán-Av. Popocatépetl (Eje 8),19.364905637923787,-99.1629866883295,427,235
4,443,CE-443 Bruno Traven-Golondrinas,19.359583,-99.162085,443,646
5,423,CE-423 Moras-José María Rico (Eje 8),19.367816,-99.175269,423,609
6,438,CE-438 Adolfo Prieto-José María Olloqui,19.36473,-99.174447,438,442
7,415,CE-415 San Francisco-Parroquia,19.37099,-99.176135,415,429
8,417,CE-417 Goya-Augusto Rodin,19.373198,-99.184274,417,625
9,22,CE-022 Reforma - Manchester,19.424784,-99.172119,022,180
10,94,CE-094 Lic. Verdad-Moneda,19.433766,-99.130918,094,591
11,405,CE-405 División Del Norte-Municipio Libre,19.370565558464016,-99.15662247688942,405,161
12,375,CE-375 Tenayuca-División Del Norte,19.376997,-99.158779,375,555
13,394,CE-394 Dr. Roberto Gayol-Félix Cuevas,19.372474,-99.171639,394,301
14,337,CE-337 San Borja-Martín Mendalde,19.384849,-99.16704,337,536
15,412,CE-412 Parroquia-Avenida Universidad,19.368107,-99.164376,412,247
16,381,CE-381 San Lorenzo-Manzanas,19.3755433811006,-99.17801052342838,381,395
17,332,CE-332 Calle 27-Avenida 3,19.385494,-99.183744,332,111
18,399,CE-399 Heriberto Frías-San Lorenzo,19.372469,-99.164538,399,488
19,377,CE-377 Heriberto Frías-Miguel Laurent,19.375397,-99.163778,377,458
20,360,CE-360 Heriberto Frías-Matias Romero,19.379435,-99.162794,360,198
21,362,CE-362 Augusto Rodin-Alberto Balderas,19.38212328115473,-99.18109126394484,362,578
22,365,CE-365 Holbein-Avenida Revolución,19.381123,-99.18667,365,467
23,424,CE-424 Amores-José María Rico (Eje 8),19.367103332434564,-99.17058136315518,424,260
24,421,CE-421 María Luz Bringas-Oso,19.36952,-99.179421,421,663
25,287,CE-287 13 de Septiembre-Puente de la Morena,19.398946,-99.183254,287,659
26,288,CE-288 11 de Abril-Avenida 2,19.396339843986805,-99.1835709661791,288,325
27,372,CE-372 Dr. Roberto Gayol-Tlacoquemécatl,19.377966,-99.170272,372,445
28,434,CE-434 Jose María Olloqui-Amores,19.363698614576656,-99.17118497195588,434,598
29,439,CE-439 Amores-Avenida Coyoacán,19.362037,-99.172683,439,357
30,378,CE-378 Miguel Laurent-Amores,19.375865,-99.168219,378,521
31,437,CE-437 Moras-Comunal,19.364916,-99.175985,437,614
32,374,CE-374 Pitágoras-Pilares,19.376959,-99.161099,374,159
33,384,CE-384 Empresa-Poussin,19.375865,-99.185573,384,226
34,348,CE-348 Indiana-Avenida San Antonio,19.3854574,-99.1782718,348,648
35,397,CE-397 San Lorenzo-Gabriel Mancera,19.37313576931919,-99.16706666355822,397,255
36,353,CE-353 Carolina-Holbein,19.3823345657493,-99.17888358246272,353,509
37,387,CE-387 Cadiz-Empresa,19.374267,-99.180546,387,626
38,367,CE-367 Boston -Augusto Rodin,19.379593,-99.181351,367,475
39,303,CE-303 Montecito-Av. Insurgentes,19.394861698080163,-99.17300574486944,303,356
40,370,CE-370 Tlacoquemécatl-Av. Insurgentes,19.378827,-99.176944,370,471
41,354,CE-354 Boston-Av. Insurgentes,19.381714,-99.176664,354,277
42,333,CE-333 Georgia-Carolina,19.387624,-99.180978,333,599
43,429,CE-429 Pirineos-Av. Popocatépetl (Eje 8),19.363060918104924,-99.15833439679318,429,579
44,414,CE-414 Parroquia-José Ignacio Bartolache,19.370213835587535,-99.17385498530166,414,552
45,432,CE-432 Carrillo Puerto-Avenida México-Coyoacan,19.361245,-99.16239,432,638
46,358,CE-358 Nicolás San Juan-Matias Romero,19.380087,-99.16427,358,655
47,409,CE-409 Azores - División Del Norte,19.3650233,-99.1554899,409,532
48,413,CE-413 Parroquia-Avenida Coyoacán,19.369823,-99.172164,413,364
49,345,CE-345 Patricio Sanz - Miraflores,19.384447,-99.172039,345,507
50,419,CE-419 Actipan-Cadiz,19.370615,-99.181606,419,557
51,307,CE-307 Minnesota-Dakota,19.393711808925048,-99.17581468826027,307,624
52,361,CE-361 Porfirio Díaz-Capulín,19.380691,-99.175036,361,373
53,393,CE-393 Adolfo Prieto-Félix Cuevas,19.373307,-99.172471,393,558
54,306,CE-306 Dakota-Minnesota,19.393699,-99.175664,306,397
55,349,CE-349 Augusto Rodin-Avenida San Antonio,19.385632,-99.180848,349,298
56,284,CE-284 Dakota-Vermont,19.397693,-99.172981,284,613
57,308,CE-308 Nueva York-Arizona,19.393643,-99.178156,308,340
58,312,CE-312 Avenida 2-Calle 7,19.39270929935713,-99.18373167525716,312,220
59,325,CE-325 Providencia -Avenida Del Valle,19.38817793281278,-99.16966706519814,325,641
60,327,CE-327 Georgia -Pensilvania,19.38885,-99.17772,327,18
61,335,CE-335 Magdalena-Ameyalco,19.386989,-99.173438,335,538
62,324,CE-324 Amores-Avenida Eugenia,19.387483,-99.165409,324,627
63,59,CE-059 Popocatépetl - Ámsterdam,19.4152434,-99.1667561,059,311
64,72,CE-072 Mazatlán - Alfonso Reyes,19.409859,-99.179565,072,338
65,67,CE-067 Vicente Suárez - Michoacán,19.411813726946605,-99.17595729242748,067,118
66,343,CE-343 Enrique Rébsamen-División Del Norte,19.384079,-99.160915,343,366
67,330,CE-330 Calle 15-Avenida Patriotismo,19.389358,-99.182606,330,651
68,315,CE-315 Alabama-Montana,19.391444264426035,-99.1736870259592,315,50
69,341,CE-341 San Borja-Avenida Cuauhtémoc,19.382889,-99.158352,341,139
70,300,CE-300 Providencia -Luz Saviñón,19.39322857475444,-99.1683943570206,300,316
71,74,CE-074 Nuevo León - Ozulama,19.410468,-99.172802,074,451
72,42,CE-042 Sinaloa - Valladolid,19.420627,-99.16821,042,63
73,76,CE-076 Chilpancingo - Campeche,19.4086886,-99.169938,076,393
74,64,CE-064 Sonora - Ámsterdam,19.412967269545486,-99.16692517703268,064,3
75,56,CE-056 Alvaro Obregón - Medellin,19.417102,-99.165607,056,274
76,71,CE-071 Amsterdam - Michoacan,19.411361,-99.171271,071,510
77,83,CE-083 Alfonso Reyes - Nuevo León,19.40655,-99.172275,083,561
78,81,CE-081 Aguascalientes - Insurgentes,19.407927,-99.168734,081,45
79,79,CE-079 Saltillo - Alfonso Reyes,19.407548521979457,-99.17434785516434,079,462
80,128,CE-128 Orizaba-Río de Janeiro,19.422148,-99.160645,128,367
81,49,CE-049 Mazatlán - Juan de la Barrera,19.41689,-99.17562,049,483
82,66,CE-066 Mazatlán - Francisco Márquez,19.411825,-99.178456,066,173
83,40,CE-040 Oaxaca - Puebla,19.42235098990008,-99.1641735658186,040,82
84,53,CE-053 Fernando Montes de Oca - Tula,19.4148233,-99.1783527,053,264
85,46,CE-046 Durango - Salamanca,19.41910678068996,-99.16973479097578,046,285
86,447,CE-447 Agustín Melgar-Zamora,19.418879,-99.176854,447,60
87,60,CE-060 Mazatlán - Fernando Montes de Oca,19.41409931468479,-99.17715847497676,060,468
88,302,CE-302 Luz Saviñón-Magdalena,19.39391421024556,-99.1716746986458,302,205
89,70,CE-070 Parque México - Michoacán,19.41128,-99.169825,070,399
90,125,CE-125 Morelia-Circular de Morelia,19.424197,-99.156127,125,84
91,100,CE-100 20 de Noviembre-Mesones,19.428485,-99.1338,100,375
92,105,CE-105 San Jerónimo-5 de Febrero,19.426755,-99.135014,105,268
93,102,CE-102 Echeveste-Bolivar,19.428214,-99.139494,102,51
94,97,CE-097 República de Salvador-Pino Suárez,19.429189,-99.132759,097,185
95,99,CE-099 Ernesto Pugibet-Luis Moya,19.429947,-99.14591,099,292
96,122,CE-122 José María Vértiz-Av. Dr. Río de la Loza,19.425502,-99.146337,122,480
97,29,CE-029 Reforma - Bucareli,19.434944,-99.150295,029,307
98,110,CE-110 Dr. Valenzuela-Dr. Río de la loza,19.425126,-99.143391,110,179
99,93,CE-093 Palma Norte-República de Cuba,19.436741,-99.134811,093,174
100,91,CE-091 Republica de Cuba-Allende,19.4374,-99.137571,091,190
101,112,CE-112 Av. Morelos-Abraham González,19.432819,-99.151734,112,232
102,65,CE-065 Marconi - Tacuba,19.436522,-99.139811,065,449
103,88,CE-088 2a Cerrada de 5 de Mayo - Palma,19.433757,-99.135331,088,383
104,3,CE-003 Reforma - Insurgentes,19.43163,-99.158547,003,28
105,109,CE-109 Nezahualcóyotl-Isabel la Católica,19.425311,-99.137421,109,531
106,113,CE-113 General Prim-Versalles,19.430369,-99.154419,113,16
107,123,CE-123 Claudio Bernard-Dr. Lavista,19.424161,-99.153117,123,86
108,259,CE-259 Tómas Alva Edison-Ponciano Arriaga,19.437569,-99.15468,259,155
109,260,CE-260 Av. Juárez-Balderas,19.43531137040153,-99.14778560405466,260,114
110,16,CE-016 Reforma - Río Tiber,19.4267528,-99.16861944,016,196
111,25,CE-025 Reforma - Estocolmo,19.427338,-99.16672,025,503
112,116,CE-116 Londres-Roma,19.428985,-99.15664,116,505
113,19,CE-019 Reforma - Río Rhin,19.429453,-99.16283,019,252
114,5,CE-005 Río Pánuco Río Tiber,19.429804,-99.169451,005,39
115,261,CE-261 Paseo de la Reforma-Río de la Plata,19.42491,-99.172455,261,77
116,263,CE-263 Sadi Carnot - Gómez Farias,19.436274,-99.158425,263,317
117,111,CE-111 Guillermo Prieto - Joaquín Velázquez de León,19.438197,-99.165918,111,92
118,265,CE-265 Mina - Jesús García,19.440839,-99.152265,265,672
119,255,CE-255 José Rosas Moreno-Guillermo Prieto,19.437118,-99.161862,255,236
120,7,CE-007 Río Elba - Río Lerma,19.425355,-99.17515,007,137
121,254,CE-254 Alfonso Herrera-Miguel Shultz,19.439177,-99.159957,254,64
122,115,CE-115 Roma-Dinamarca,19.429947,-99.159698,115,58
123,35,CE-035 Liverpool - Génova,19.424558,-99.163518,035,52
124,12,CE-012 Río Lerma - Villalongín,19.432223,-99.161686,012,69
125,6,CE-006 Río Pánuco - Río Sena,19.430963,-99.166986,006,35
126,132,CE-132 Colima-Frontera,19.420667,-99.15645,132,463
127,144,CE-144 Frontera-San Luis Potosí,19.415192,-99.154837,144,125
128,147,CE-147 Coahuila-Orizaba,19.412182,-99.158443,147,151
129,2,CE-002 Río Guadalquivir - Río Nazas,19.430495377066244,-99.17115971451491,002,13
130,137,CE-137 Álvaro Obregón-Mérida,19.418774,-99.157081,137,73
131,139,CE-139 Tonalá-Guanajuato,19.416128,-99.162097,139,109
132,190,CE-190 Gobernador Ignacio Esteva-Maestro José Vasconcelos,19.409577,-99.183818,190,283
133,185,CE-185 General Antonio Léon-General Pedro Antonio de los Santos,19.412776,-99.182805,185,304
134,228,CE-228 Campos Elíseos-La Fontaine,19.427705,-99.19912,228,240
135,220,CE-220 Plinio-Presidente Masaryk,19.432655,-99.205727,220,482
136,204,CE-204 Temístocles-Homero,19.435882,-99.19152,204,434
137,199,CE-199 Anatole France-Av. Ejército Nacional,19.437934,-99.197241,199,620
138,247,CE-247 Herschel-Rousseau,19.432276,-99.18064,247,170
139,207,CE-207 Torquato Tasso-Homero,19.434861,-99.183322,207,390
140,222,CE-222 Alejandro Dumas-Presidente Masarik,19.431417,-99.195774,222,67
141,216,CE-216 Alejandro Dumas-Horacio,19.433419,-99.195746,216,402
142,212,CE-212 Hegel-Horacio,19.433863944714325,-99.18809428821986,212,143
143,140,CE-140 Mérida-Zacatecas,19.416596,-99.156879,140,32
144,229,CE-229 Carlos Dickens-Séneca,19.430515,-99.203331,229,291
145,231,CE-231 Isaac Newton-Aristóteles,19.429711892530808,-99.19357940565531,231,269
146,460,CE-460 Juan Vázquez De Mella-Homero,19.43716476942747,-99.20793056498952,460,574
147,214,CE-214 Platón-Horacio,19.434353,-99.20322,214,459
148,218,CE-218 Hegel-Ibarbourou,19.432451,-99.188033,218,138
149,243,CE-243 Lago Filt-Miguel de Cervantes Saavedra,19.441123,-99.195857,243,287
150,464,CE-464 Mateo Alemán-Prolongación Moliere,19.442421,-99.199838,464,416
151,195,CE-195 Reforma-Circuito Mahatma Gandhi,19.424858,-99.185181,195,288
152,120,CE-120 Marsella-Nápoles,19.425437,-99.159458,120,9
153,143,CE-143 Córdoba-San Luis Potosí,19.414303,-99.157542,143,335
154,150,CE-150 Campeche-Medellín,19.409894,-99.164288,150,392
155,161,CE-161 Quintana Roo-Manzanillo,19.405533,-99.164913,161,169
156,31,CE-031 Hamburgo - Insurgentes,19.427922277979096,-99.16124593467885,031,20
157,280,CE-280 Anaxágoras-Obrero Mundial,19.4015,-99.156406,280,123
158,32,CE-032 Londres - Sevilla,19.42268552552878,-99.16998323054486,032,78
159,118,CE-118 Liverpool-Dinamarca,19.427171,-99.158108,118,41
160,134,CE-134 Álvaro Obregón-Orizaba,19.418293491655607,-99.15993556380272,134,228
161,33,CE-033 Londres - Florencia,19.424187,-99.166497,033,38
162,165,CE-165 Bajío-Eje 2 Pte. Monterrey,19.404268,-99.160503,165,249
163,179,CE-179 Nuevo León-Quintana Roo,19.404435569698265,-99.17138099675866,179,525
164,293,CE-293 Mier y Pesado-Eje 4 Sur Xola,19.397373,-99.164598,293,215
165,37,CE-037 Guadalajara - Puebla,19.42041712015948,-99.17271204298233,037,104
166,156,CE-156 Tepic-Ario,19.406959,-99.163021,156,136
167,285,CE-285 12 de Octubre-Minería,19.399763,-99.177538,285,519
168,131,CE-131 Colima-Jalapa,19.419579,-99.161314,131,444
169,30,CE-030 Hamburgo - Amberes,19.426099760030304,-99.164936542511,030,22
170,57,CE-057 Cuernavaca - Juan Escutia,19.414968,-99.174766,057,450
171,58,CE-058 Parque España - Juan de la Barrera,19.415358,-99.171902,058,406
172,175,CE-175 Mutualismo-José Martí,19.400599004903363,-99.17245991533493,175,234
173,148,CE-148 Coahuila-Av. Cuauhtémoc,19.412829,-99.155116,148,320
174,177,CE-177 Benjamín Hill - Carlos Zetina,19.408841,-99.181692,177,633
175,166,CE-166 Progreso-Cda. Antonio Maceo,19.406069,-99.183549,166,150
176,241,CE-241 Ejército Nacional-Juan Vázquez de la Mella,19.43869310388943,-99.20757338410112,241,498
177,173,CE-173 Minería-José Martí,19.401682,-99.176398,173,95
178,126,CE-126 Jalapa-Puebla,19.422288,-99.162138,126,5
179,127,CE-127 Puebla-Merida,19.423318,-99.15833,127,526
180,180,CE-180 Quintana Roo-Villahermosa,19.404554,-99.169953,180,572
181,467,CE-467 Lago Mayor-Lago Alberto,19.440399,-99.186784,467,68
182,167,CE-167 General Salvador Alvarado-Progreso,19.404608864422567,-99.1794095188925,167,164
183,196,CE-196 Lago Tanganica- Av. Ejército Nacional,19.438349,-99.192904,196,386
184,152,CE-152 Tlacotalpan-Campeche,19.409098,-99.167181,152,134
185,200,CE-200 Emerson-Av. Ejército Nacional,19.437596,-99.188785,200,183
186,461,CE-461 Presa Don Martín-Boulevard Miguel De Cervantes Saavedra,19.440106,-99.210031,461,91
187,454,CE-454 Montes Urales-Monte Pelvoux,19.425905,-99.204236,454,430
188,466,CE-466 Lago Onega-Lago Ladoga,19.44269,-99.19083,466,548
189,213,CE-213 Solón-Cicerón,19.434366028509015,-99.206306487431,213,603
190,157,CE-157 Tepic-Tlacotalpan,19.406236,-99.166616,157,606
191,456,CE-456 Alpes-Montes Escandinavos,19.427517,-99.208412,456,334
192,459,CE-459 Volcán-Montes Urales,19.429323620268587,-99.2071587592636,459,348
193,457,CE-457 Av. Prado Norte-Explanada,19.42703,-99.212845,457,596
194,283,CE-283 Av. Coyoacán-Rafael Dondé,19.397923,-99.167248,283,293
195,294,CE-294 Nicolás San Juan-Eje 4 Sur Xola,19.39644167553825,-99.16090227668974,294,360
196,278,CE-278 Mier Y Pesado-Obrero Mundial,19.40071,-99.163831,278,331
197,282,CE-282 La Morena-Eje 2 Poniente Gabriel Mancera,19.39871927017047,-99.16128046816084,282,341
198,320,CE-320 Enrique Rébsamen-Luz Saviñón,19.391323,-99.15936,320,546
199,44,CE-044 Durango - Veracruz,19.418141,-99.174709,044,48
200,114,CE-114 Lucerna-Abraham González,19.428989,-99.153618,114,345
201,322,CE-322 Heriberto Frías-Concepción Beistegui,19.388456876549792,-99.16064277296752,322,494
202,318,CE-318 Luz Saviñón-Amores,19.392195,-99.163987,318,554
203,9,CE-009 Río Guadalquivir - Río Lerma,19.428184,-99.170013,009,27
204,234,CE-234 Tres Picos-Arquímides,19.42786220267939,-99.1914046928423,234,601
205,339,CE-339 Enrique Rébsamen-Avenida Eugenia,19.386212,-99.160583,339,72
206,188,CE-188 Gobernador Melchor Múzquiz-Gobernador Ignacio Esteva,19.411711,-99.190139,188,141
207,298,CE-298 Romero de Terreros-Gabriel Mancera,19.394092,-99.162139,298,302
208,189,CE-189 Gobernador Rafael Rebollar-Gobernador José Ceballos,19.41004605073191,-99.18795973067972,189,133
209,249,CE-249 Shakespeare-Darwin,19.42988388240091,-99.1775936633894,249,273
210,43,CE-043 Revillagigedo - Juárez,19.4351365,-99.1460756,043,261
211,469,CE-469 Bahía de la Concepción-Bahía de Todos Los Santos,19.434183,-99.173089,469,602
212,472,CE-472 Bahía de Santa Bárbara-Bahía de Ballenas,19.437667,-99.17711,472,575
213,48,CE-048 Independencia - Azueta,19.433705,-99.146665,048,199
214,181,CE-181 Benjamín Franklin - Ometusco,19.404825166337652,-99.17472235863896,181,132
215,246,CE-246 Leibnitz-Thiers,19.434147,-99.179835,246,527
216,479,CE-479 Lago Muritz-Av.Marina Nacional,19.444433,-99.179664,479,282
217,281,CE-281 Pitágoras-La Morena,19.398532,-99.157308,281,631
218,480,CE-480 Lago Iseo-Av. Marina Nacional,19.446073,-99.181654,480,76
219,41,CE-041 Reforma - Av. de la República,19.43542,-99.150317,041,202
220,226,CE-226 Wallon-Presidente Masaryk,19.431044265870337,-99.18220639234278,226,457
221,468,CE-468 Lago Xochimilco-Av. Ejército Nacional,19.437250121513653,-99.1795731336424,468,440
222,256,CE-256 Gómez Farías-Sadi Carnot,19.437128,-99.158363,256,600
223,119,CE-119 Turín-Abraham González,19.4268522887659,-99.1556279361248,119,259
224,475,CE-475 Lago Muritz-Lago Alberto,19.439249,-99.181065,475,162
225,10,CE-010 Reforma - Ramírez,19.433431,-99.155142,010,14
226,450,CE-450 Ramos Arizpe- Av México Tenochtitlan,19.43832573320297,-99.15223784747468,450,23
227,555,CE-555 Ribera de San Cosme - Insurgentes Centro,19.44021597,-99.1561678,555,70
228,270,CE-270 De la República-Ponciano Arriaga,19.436764,-99.153865,270,98
229,248,CE-248 Shakespeare-Lafayette,19.43175,-99.177399,248,592
230,476,CE-476 Lago Como-Laguna de Mayrán,19.442127,-99.184433,476,116
231,174,CE-174 Joaquín Garcia Icazbalceta-Ignacio Manuel Altamirano,19.44113325834589,-99.16170336308824,174,81
232,124,CE-124 Claudio Bernard-Dr. Liceaga,19.422392,-99.150358,124,218
233,82,CE-082 Independencia - Marroquí,19.433344,-99.14404,082,577
234,262,CE-262 República de Cuba-República de Brasil,19.436931,-99.133952,262,233
235,104,CE-104 San Jerónimo-Isabel la Católica,19.427059,-99.137116,104,117
236,136,CE-136 Álvaro Obregón-Tonalá,19.417715,-99.162729,136,231
237,183,CE-183 Gabino Barreda-Guillermo Prieto,19.437665,-99.164018,183,208
238,95,CE-095 20 de Noviembre-Venustiano Carranza,19.430682555945197,-99.1337009892004,095,129
239,36,CE-036 Puebla - Veracruz,19.41966,-99.17588,036,207
240,63,CE-063 Nuevo León - Laredo,19.413091238892452,-99.1716201604504,063,286
241,87,CE-087 Gante - Venustiano Carranza,19.432024,-99.139705,087,221
242,20,CE-020 Reforma- Río Támesis,19.43086152710901,-99.16025899353372,020,257
243,15,CE-015 Reforma - Río Mississippi,19.425597,-99.171409,015,270
244,75,CE-075 Alfonso Reyes - Atlixco,19.408740687234836,-99.17677424853537,075,470
245,17,CE-017 Reforma - Río Tiber,19.427553,-99.167396,017,456
246,80,CE-080 Nuevo León - Aguascalientes,19.407239898913133,-99.17207747708744,080,153
247,23,CE-023 Reforma - Praga,19.42528,-99.171099,023,4
248,85,CE-085 Rosas Moreno - Sullivan,19.43405932704917,-99.16243817658597,085,10
249,14,CE-014 Reforma - Río de Plata,19.42454,-99.173247,014,26
250,135,CE-135 Álvaro Obregón-Morelia,19.419250969141167,-99.15503863246612,135,478
251,89,CE-089 República de Guatemala - Monte de Piedad,19.434962,-99.133729,089,376
252,133,CE-133 Colima-Morelia,19.421138,-99.154725,133,157
253,141,CE-141 Zacatecas-Luis Cabrera,19.415905,-99.15954,141,65
254,92,CE-092 San Ildefonso-República de Argentina,19.436531,-99.131497,092,110
255,470,CE-470 Bahía de Las Palmas-Bahía de Todos Los Santos,19.435039,-99.173879,470,210
256,239,CE-239 Rincón del Bosque-Ruben Darío,19.430153,-99.181355,239,330
257,656,CE-656 Ignacio Allende - Paris,19.3543111,-99.1624361,656,490
258,305,CE-305 Avenida del Parque-Arizona,19.394693,-99.175531,305,512
259,121,CE-121 Niza-Chapultepec,19.424178,-99.16115,121,87
260,27,CE-027 Reforma- Havre,19.42916,-99.162703,027,99
261,252,CE-252 Víctor Hugo-Shakespeare,19.427575,-99.17702,252,580
262,251,CE-251 Goethe-Darwin,19.429261,-99.17538,251,583
263,117,CE-117 Londres-Nápoles,19.427166592327957,-99.16029106826954,117,350
264,250,CE-250 Darwin-Mariano Escobedo,19.428949,-99.179796,250,315
265,217,CE-217 Euler-Horacio,19.432850919536445,-99.1835452617306,217,278
266,224,CE-224 Hegel-Presidente Masaryk,19.431115,-99.188082,224,112
267,215,CE-215 Edgar Alan Poe-Horacio,19.43384,-99.19968,215,296
268,202,CE-202 Calderón de la Barca-Av. Homero,19.436064,-99.198898,202,619
269,240,CE-240 Ejército Nacional-F.C. de Cuernavaca,19.438634297233477,-99.20629061763977,240,664
270,47,CE-047 Plaza Madrid-Medellín,19.419506460644055,-99.1663652659008,047,30
271,258,CE-258 Circuito Interior-Juan Escutia,19.4165298,-99.1790435,258,146
272,11,CE-011 Río Amazonas - Río Lerma,19.431192,-99.163546,011,223
273,1,CE-001 Río Sena-Río Balsas,19.43347819859695,-99.16778985412292,001,12
274,103,CE-103 Joaquín Velázquez de León - García Icazbalceta,19.441533,-99.165268,103,152
275,13,CE-013 Reforma - Río Mississippi,19.424941,-99.17233,013,239
276,18,CE-018 Reforma - Río Rhin,19.428802,-99.164381,018,543
277,38,CE-038 Cozumel - Puebla,19.420829444872908,-99.17142122989388,038,71
278,449,CE-449 Acapulco-Puebla,19.420281,-99.174392,449,128
279,28,CE-028 Toledo- Tokio,19.423664,-99.172568,028,149
280,34,CE-034 Liverpool - Génova,19.42472751913646,-99.16334755721437,034,47
281,232,CE-232 Taine - Rubén Darío,19.42894,-99.185389,232,333
282,227,CE-227 Campos Elíseos-Periférico,19.431783492215445,-99.20738060028724,227,537
283,211,CE-211 Isaac Newton-Horacio,19.43385,-99.188275,211,473
284,478,CE-478 Laguna de Mayrán-Lago Chalco,19.440818,-99.176961,478,284
285,474,CE-474 Bahía de San Hipólito-Bahía del Espíritu Santo,19.438984,-99.177549,474,446
286,176,CE-176 Av. Jesús García-Luis Donaldo Colosio,19.442717,-99.152262,176,670
287,244,CE-244 Lago Victoria-Miguel de Cervantes Saavedra,19.440508,-99.193681,244,384
288,219,CE-219 Esopo-FC de Cuernavaca,19.433364,-99.207553,219,486
289,465,CE-465 Lago Ginebra-Lago Wetter,19.445039,-99.194078,465,206
290,257,CE-257 Manuel Maria Contreras-Villalongin,19.433803,-99.166223,257,19
291,455,CE-455 Pedregal-Ferrocarril De Cuernavaca,19.426308,-99.2033,455,355
292,201,CE-201 Lope de Vega-Av. Ejército Nacional,19.437496732030738,-99.18721206491682,201,209
293,208,CE-208 Hesiodo-Lamartine,19.434182,-99.189835,208,439
294,221,CE-221 Emilio Castelar-Presidente Masaryk,19.431799,-99.201565,221,353
295,210,CE-210 Eugenio Sue-Horacio,19.434076,-99.194091,210,650
296,21,CE-021 Reforma - Dublín,19.424809702659765,-99.1717654466629,021,49
297,206,CE-206 Homero-Moliere,19.436142,-99.200996,206,435
298,86,CE-086 Sullivan-Insurgentes,19.432452,-99.15924,086,127
299,233,CE-233 Julio Verne-Luis G. Urbina,19.429314,-99.196965,233,420
300,451,CE-451 Campos Elíseos-Goldsmith,19.428847,-99.201299,451,657
301,8,CE-008 Reforma - General Prim,19.431256,-99.158153,008,476
302,223,CE-223 Isaac Newton-Presidente Masaryk,19.431242,-99.191613,223,294
303,668,CE-668 Plateros - Capuchinas,19.367522,-99.181727,668,203
304,242,CE-242 Pról. Moliere-Miguel de Cervantes Saavedra,19.44002672090815,-99.20071095250022,242,227
305,50,CE-050 Cuernavaca - Veracruz,19.41682441224743,-99.17378827934954,050,54
306,145,CE-145 Yucatán-Chiapas,19.41286,-99.160661,145,419
307,142,CE-142 San Luis Potosí-Eje 2 Pte. Monterrey,19.41325186264067,-99.16412428026888,142,140
308,155,CE-155 Jalapa-Tlaxcala,19.408218,-99.159911,155,145
309,225,CE-225 Petrarca-Presidente Masaryk,19.431172,-99.185612,225,418
310,553,CE-553  Jaime Torres Bodet - Ribera de San Cosme,19.442,-99.1593333,553,409
311,51,CE-051 Colima - Oaxaca,19.418031,-99.168435,051,122
312,170,CE-170 Observatorio Oriente-Revolución,19.404029,-99.184342,170,176
313,452,CE-452 Leibnitz-Av. Ejercito Nacional,19.435867,-99.179856,452,466
314,552,CE-552 Fresno - Ribera de San Cosme,19.4431081,-99.1624537,552,495
315,130,CE-130 Mérida-Durango,19.421576,-99.158015,130,213
316,62,CE-062 Fernando Montes de Oca - Amatlan,19.41331637033966,-99.17530506854746,062,368
317,61,CE-061 Avenida México - Sonora,19.413832444192096,-99.16939929138606,061,408
318,129,CE-129 Tonalá-Durango,19.4206,-99.163312,129,382
319,68,CE-068 Tamaulipas - Michoacán,19.41166825384696,-99.17382381861898,068,290
320,448,CE-448 Dr. Andrade-Arcos De Belén,19.426611,-99.14447,448,40
321,253,CE-253 Dante-Tolstoi,19.42644758104329,-99.17815290396902,253,380
322,487,CE-487 Nopaltzin - Quetzalcoatl,19.441728,-99.167477,487,124
323,554,CE-554 Heroes Ferrocarrileros - Mariano Azuela,19.4417473,-99.155639,554,61
324,151,CE-151 Campeche-Tonalá,19.410529,-99.160873,151,539
325,550,CE-550 Sor Juana Ines de la Cruz - Fresno,19.44594702605669,-99.16137836878988,550,425
326,551,CE-551 Nogal - Ribera de San Cosme,19.4435806,-99.1648833,551,57
327,549,CE-549 Sor Juana Ines de la Cruz - Dr. Atl,19.4450444,-99.1571333,549,53
328,162,CE-162 Tehuantepec-Medellín,19.404907,-99.162485,162,436
329,24,CE-024 Reforma- Varsovia,19.426614,-99.168078,024,484
330,26,CE-026 Reforma - Versalles,19.432595,-99.154995,026,44
331,191,CE-191 Gobernador Rafael Rebollar-Gobernador Vicente Eguía,19.40796,-99.187901,191,79
332,45,CE-045 Durango - Sonora,19.418749,-99.171942,045,144
333,52,CE-052 Hidalgo - Trujano,19.436208,-99.141931,052,158
334,286,CE-286 13 de Septiembre-Avenida Patriotismo,19.399201,-99.179943,286,313
335,160,CE-160 Alfonso Herrera-Gabino Barreda,19.440252,-99.163455,160,56
336,194,CE-194 Circuito Mahatma Gandhi-Reforma,19.424282,-99.180334,194,62
337,659,CE-659  Madrid - Avenida Mexico,19.3564861,-99.1694556,659,321
338,96,CE-096 López-Ayuntamiento,19.430625,-99.14248,096,421
339,667,CE-667 Hermes - Mosqueta,19.363955445342725,-99.1807891801136,667,637
340,84,CE-084 Chilpancingo - Tlaxcala,19.406872,-99.169572,084,238
341,660,CE-660 Josefa Ortiz de Dominguez - Circuito Interior,19.3580028,-99.1701056,660,272
342,168,CE-168 Comercio-Progreso,19.403997,-99.1776,168,295
343,670,CE-670 Felix Parra - Flamencos,19.3676,-99.1849917,670,588
344,154,CE-154 Tuxpan-Tlaxcala,19.406683,-99.167962,154,280
345,658,CE-658 Vicente Guerrero - Berlín,19.355339,-99.165613,658,177
346,657,CE-657 Madrid - Centenario,19.3574361,-99.1637944,657,224
347,184,CE-184 General Gómez Pedraza-Gobernador Tiburcio Montiel,19.414793,-99.185083,184,89
348,153,CE-153 Manzanillo-Tlaxcala,19.407468,-99.165141,153,167
349,77,CE-077 Choapan - Tamaulipas,19.406745,-99.178272,077,337
350,73,CE-073 Campeche - Tamaulipas,19.410073,-99.175542,073,381
351,78,CE-078 Benjamín Hill - Tamaulipas,19.407512,-99.177361,078,323
352,163,CE-163 Toluca-Bajío,19.405246,-99.15643,163,182
353,54,CE-054 Parque España - Sonora,19.416163,-99.170795,054,105
354,169,CE-169 Prosperidad-Progreso,19.403019,-99.174934,169,346
355,430,CE-430 Tripoli-Av. Popocatépetl (Eje 8),19.36205,-99.154976,430,193
356,171,CE-171 Comercio-Jose Martí,19.40253247789727,-99.1782025248358,171,88
357,309,CE-309 Pensilvania-Arizona,19.393059,-99.179483,309,545
358,182,CE-182 Progreso-Astrónomos,19.402028398340057,-99.17129248386118,182,432
359,331,CE-331 Avenida 2-Calle 17,19.388748,-99.183924,331,308
360,279,CE-279 La Morena-Providencia,19.399908,-99.166553,279,147
361,187,CE-187 General Cano-Gobernador Gregorio V. Gelati,19.411227,-99.185514,187,668
362,291,CE-291 Magdalena-División Del Norte,19.397651,-99.169946,291,37
363,297,CE-297 Diagonal San Antonio-Enrique Rébsamen,19.394412,-99.158907,297,465
364,310,CE-310 Calle 1-Av. Patriotismo,19.395316464981526,-99.18172560637684,310,387
365,314,CE-314 Nueva York-Louisiana,19.391647,-99.177331,314,281
366,351,CE-351 Calle 27-Avenida Revolución,19.385751,-99.186297,351,168
367,319,CE-319 Diagonal San Antonio-Luz Saviñón,19.391991,-99.162684,319,417
368,329,CE-329 Calle 13-Avenida 1,19.390306,-99.184812,329,31
369,164,CE-164 Bajío-Tlacotalpan,19.4032285,-99.1658539,164,163
370,295,CE-295 Anaxágoras-Eje 4 Sur Xola,19.396189323455705,-99.15687739860005,295,362
371,336,CE-336 San Borja-Cda. Dr. J. Bartolache,19.385531,-99.169673,336,178
372,296,CE-296 Diagonal San Antonio-Enrique Rébsamen,19.394283,-99.158756,296,550
373,323,CE-323 Concepción Beistegui-Gabriel Mancera,19.388986312246836,-99.1632449628014,323,477
374,340,CE-340 Anaxágoras-Avenida Eugenia,19.385625037771153,-99.15819257503244,340,103
375,669,CE-669 Los Juarez - Sagredo,19.37076863433144,-99.1873613745247,669,589
376,209,CE-209 Solón-Horacio,19.435478,-99.206359,209,562
377,317,CE-317 Avenida Coyoacán-Torres Adalid,19.391456,-99.166157,317,506
378,299,CE-299 Romero de Terreros-Mier Y Pesado,19.394601,-99.165054,299,443
379,276,CE-276 Anaxágoras-Obrero Mundial,19.401986,-99.156366,276,487
380,90,CE-090 José María Pino Suárez - Corregidora,19.43144,-99.132513,090,524
381,304,CE-304 Montecito-Dakota,19.395043,-99.173821,304,516
382,352,CE-352 Tintoreto-Giorgione,19.384146,-99.185491,352,433
383,366,CE-366 Porfirio Díaz-Augusto Rodin,19.378423,-99.181891,366,342
384,395,CE-395 San Lorenzo-Martín Mendalde,19.373725,-99.169807,395,643
385,316,CE-316 San Francisco-Concepción Beistegui,19.391056,-99.1712,316,493
386,292,CE-292 Adolfo Prieto-Eje 4 Sur Xola,19.396917,-99.166264,292,322
387,380,CE-380 Moras-San Lorenzo,19.374756,-99.173539,380,658
388,338,CE-338 Nicolás San Juan-San Borja,19.384242,-99.16326,338,351
389,420,CE-420 María Luz Bringas-Oso,19.36967233269665,-99.17958118026944,420,523
390,373,CE-373 Pilares-Gabriel Mancera,19.377932,-99.166594,373,36
391,416,CE-416 Recreo-Parroquia,19.371279,-99.177623,416,604
392,386,CE-386 Poussin-Donatello,19.374912,-99.185807,386,469
393,347,CE-347 Pensilvania-Maximino Avila Camacho,19.384474,-99.176084,347,570
394,342,CE-342 Pitágoras-Av. División del Norte,19.38237,-99.1598779,342,520
395,328,CE-328 Avenida 1-Calle 7,19.392721,-99.184727,328,97
396,369,CE-369 Porfirio Díaz-Av. Insurgentes,19.379941,-99.177224,369,410
397,389,CE-389 Santander-Félix Cuevas,19.373438,-99.179531,389,299
398,205,CE-205 Taine-Homero,19.43552573443183,-99.18474711483212,205,379
399,396,CE-396 Martin Mendalde-Felix Cuevas,19.37165,-99.17015,396,581
400,436,CE-436 Rodríguez Saro-Búfalo,19.36623,-99.177904,436,639
401,334,CE-334 Nueva York-Av. Insurgentes,19.386530826718293,-99.17510658508034,334,253
402,385,CE-385 Poussin-Empresa,19.375650918831095,-99.18558642279096,385,21
403,422,CE-422 Búfalo-José María Rico (Eje 8),19.368403,-99.177472,422,377
404,363,CE-363 Holbein-Paulo Ucello,19.380839,-99.183932,363,508
405,355,CE-355 California-Sacramento,19.38201131984727,-99.17328938847275,355,448
406,346,CE-346 San Francisco-Santa Margarita,19.38496594717172,-99.17411729704328,346,361
407,290,CE-290 Yosemite-Colorado,19.39638,-99.1727082,290,160
408,371,CE-371 Tlacoquemécatl-Capulín,19.378546,-99.174297,371,563
409,401,CE-401 San Lorenzo-Avenida Cuauhtémoc,19.372101,-99.161501,401,222
410,356,CE-356 Matías Romero -Adolfo Prieto,19.381287,-99.1702,356,107
411,433,CE-433 Jose María Olloqui-Lopéz Cotilla,19.363548,-99.170766,433,426
412,277,CE-277 Prolongación Tonalá-Obrero Mundial,19.401807,-99.15909,277,339
413,172,CE-172 General Francisco Murguía-José Martí,19.40350712479053,-99.18165966879316,172,166
414,404,CE-404 Miguel Laurent-Avenida División Del Norte,19.373833,-99.157433,404,267
415,203,CE-203 Tennyson-Av. Homero,19.435985,-99.194832,203,135
416,473,CE-473 Bahía del Espíritu Santo-Bahía de Banderas,19.438143,-99.17519,473,642
417,462,CE-462 Presa Falcón-Presa Danxhó,19.442338,-99.205198,462,636
418,477,CE-477 Lago Iseo-Laguna de Mayrán,19.440905,-99.181743,477,318
419,471,CE-471 Bahía de Chachalacas-Bahía de Santa Bárbara,19.436287,-99.174888,471,212
420,321,CE-321 Torres Adalid-Anaxágoras,19.389477,-99.157513,321,181
421,444,CE-444 General Manuel Rincón-Agustín Gutierrez,19.359475,-99.159437,444,573
422,441,CE-441 Puente Xoco-Real de Mayorazgo,19.361213660076572,-99.16772089901316,441,29
423,55,CE-055  5 De Mayo - Bolívar,19.434514,-99.138068,055,389
424,138,CE-138 Guanajuato-Frontera,19.417702,-99.155313,138,74
425,359,CE-359 Matías Romero -Pestalozzi,19.379331,-99.161163,359,374
426,398,CE-398 Juan Sánchez Azcona-Félix Cuevas,19.37104,-99.165653,398,254
427,178,CE-178 Tamaulipas-Francisco Murguía,19.406833,-99.180457,178,565
428,198,CE-198 Sócrates-Ejército Nacional,19.438173973703993,-99.20383617292828,198,622
429,326,CE-326 Eugenia-Nebraska,19.388978,-99.174811,326,275
430,622,CE-622 Fernando Montes de Oca - Eje 6 Sur,19.378362,-99.144007,622,491
431,402,CE-402 Uxmal-Municipio Libre,19.370934360592926,-99.1587414220112,402,422
432,39,CE-039 Puebla - Medellín,19.421762,-99.166931,039,363
433,483,CE-483 Colegio Salesiano - Marina Nacional,19.443092,-99.177612,483,6
434,313,CE-313 Pensilvania-Oklahoma,19.391431,-99.178989,313,96
435,230,CE-230 Edgar Allan Poe - Carlos Dickens,19.430098,-99.200074,230,225
436,485,CE-485 Lago de Pátzcuaro - Marina Nacional,19.438506,-99.172696,485,201
437,392,CE-392 Patricio Sanz-Félix Cuevas,19.373004,-99.174764,392,219
438,453,CE-453 Pedregal-Teapa,19.424842,-99.203739,453,534
439,357,CE-357 Matías Romero -Amores,19.380617,-99.167066,357,423
440,546,CE-546 Salvador Díaz Mirón - Santa María la Ribera,19.448764,-99.156817,546,385
441,301,CE-301 Luz Saviñón-Magdalena,19.393807,-99.171133,301,499
442,4,CE-004 Río Nilo - Río Panuco,19.428491,-99.171693,004,246
443,496,CE-496 Maestro Rural - José Parres,19.449039,-99.170246,496,594
444,146,CE-146 Coahuila-Manzanillo,19.410699360989387,-99.16587710386013,146,407
445,149,CE-149 Mérida-Antonio M. Anza,19.41199,-99.155699,149,200
446,495,CE-495 Amado Nervo - de los Maestros,19.445528,-99.166934,495,15
447,537,CE-537 Fresno - Clavel,19.457543649054426,-99.15946327155324,537,656
448,69,CE-069 Michoacán - Ámsterdam,19.410797,-99.168143,069,106
449,245,CE-245 Lago Onega-Av. Ejército Nacional,19.438347,-99.190503,245,306
450,425,CE-425 Nicolas San Juan-Avenida Universidad,19.36704,-99.167387,425,567
451,481,CE-481 Lago Garda - Mariano Escobedo,19.449367,-99.182461,481,130
452,502,CE-502 Mar Mediterráneo - Callejón de la Zanja,19.453432,-99.174636,502,297
453,504,CE-504 Mar Blanco - Calzada México Tacuba,19.455343,-99.179056,504,431
454,498,CE-498 de los Maestros - Plan de Agua Prieta,19.453146248510524,-99.16645511990282,498,370
455,536,CE-536 Fresno - Eulalia Guzmán (Eje 2 Norte),19.458881,-99.159215,536,533
456,497,CE-497 Manuel Carpio - Plan de Ayala,19.452688,-99.170157,497,230
457,492,CE-492 Lago Cuitzeo - Felipe Carrillo Puerto,19.449153,-99.173433,492,101
458,503,CE-503 Nextitla - Mar Egeo,19.455571630398424,-99.17513005440924,503,645
459,506,CE-506 Mar Mediterráneo - Mar Arábigo,19.459553,-99.185111,506,441
460,507,CE-507 Mar Mediterráneo - Azcapotzalco,19.460292,-99.188303,507,289
461,499,CE-499 de los Maestros - Calzada de los Gallos,19.455986,-99.165966,499,175
462,458,CE-458 Montes Urales-Volcán,19.428679,-99.206605,458,618
463,541,CE-541 Eligio Ancona - Naranjo,19.45272,-99.158014,541,131
464,482,CE-482 Lago Xochimilco - Laguna de San Cristóbal,19.444826,-99.178393,482,349
465,545,CE-545 Sabino - Salvador Díaz Mirón,19.449098384943877,-99.1599521041462,545,300
466,486,CE-486 Izcoatl - Circuito Interior Melchor Ocampo,19.437334,-99.169573,486,191
467,98,CE-098 Emilio Dondé-Av. Balderas,19.430267,-99.14861,098,195
468,491,CE-491 Colegio Salesiano - Lago Catemaco,19.449405,-99.176635,491,415
469,672,CE-672 José María Velasco - Damas,19.36295,-99.183161,672,309
470,543,CE-543 Jaime Torres Bodet - Manuel Carpio,19.450506,-99.157375,543,329
471,540,CE-540 Eucalipto - Ricardo Flores Magón,19.453965040246473,-99.1524680704424,540,396
472,703,CE-703 Miguel Hidalgo - Calzada General Anaya,19.350776,-99.155379,703,310
473,673,CE-673 Miguel Noreña - José María Ibarrarán,19.363153,-99.186963,673,649
474,700,CE-700 Abasolo - Miguel Hidalgo,19.350062,-99.160024,700,607
475,704,CE-704 Pacífico - Asia,19.344976,-99.157824,704,447
476,709,CE-709 Inglaterra - Antigua Taxqueña,19.344236764049867,-99.15006525817262,709,460
477,706,CE-706 Canadá - Acolotitla,19.347503,-99.15244,706,372
478,702,CE-702 Fernández Leal - Plaza de la Conchita,19.347246,-99.15857,702,265
479,708,CE-708 Irlanda-Canada,19.346419552561255,-99.1456691175972,708,186
480,643,CE-643 Filipinas - Av. Pirineos,19.362323,-99.148805,643,454
481,597,CE-597 Diagonal San Antonio - Icacos,19.398858,-99.151211,597,464
482,694,CE-694 Ignacio Aldama - Centenario,19.353243,-99.163753,694,324
483,696,CE-696 México - Malintzin,19.351576,-99.164567,696,438
484,626,CE-626 San Borja - Petén,19.382115,-99.153988,626,343
485,615,CE-615 Tajín - Universidad,19.38748,-99.153876,615,540
486,630,CE-630 Cuicuilco - Motozintla,19.375677,-99.152953,630,401
487,701,CE-701 Cuauhtémoc - Morelos,19.352052,-99.157981,701,662
488,617,CE-617 Mitla - Eje 5 Sur,19.384589,-99.150517,617,414
489,692,CE-692 Presidente Carranza - Francisco Sosa,19.349149,-99.169646,692,371
490,688,CE-688 Panzacola - Miguel Ángel de Quevedo,19.346975,-99.178791,688,7
491,661,CE-661 Madrid - Universidad,19.35675,-99.171769,661,615
492,618,CE-618 Bartolomé R. Salido - Edzna,19.381824,-99.148086,618,279
493,602,CE-602 Correspondencia - Eje Central Lázaro Cárdenas,19.392523,-99.146194,602,612
494,559,CE-559 Fernando de Alva Ixtlilxochitl - Diagonal 20 de noviembre,19.420029,-99.140999,559,262
495,691,CE-691 Melchor Ocampo - Dulce Olivia,19.347283,-99.170834,691,629
496,689,CE-689 G. Pérez Valenzuela - Salvador Novo,19.351426,-99.175455,689,474
497,619,CE-619 Kiff - Rafael Solana Verduguillo,19.381277,-99.145804,619,354
498,649,CE-649 Héroes del 47 - Calzada de Tlalpan,19.35072,-99.146786,649,542
499,629,CE-629 Tajín - Chichen Itzá,19.376367,-99.155872,629,635
500,562,CE-562 Claudio Bernard - José María Vertiz,19.42037,-99.146818,562,501
501,609,CE-609 Romero - Calzada de Tlalpan,19.384623,-99.139817,609,33
502,623,CE-623 Fernando Montes de Oca - Antonio Rodríguez,19.375518,-99.144118,623,489
503,651,CE-651 Héroes del 47 - División del Norte,19.351578,-99.150941,651,522
504,612,CE-612 Torres Adalid - Cumbres de Maltrata,19.388148,-99.148446,612,616
505,577,CE-577 Doctor Márquez - Doctor Jiménez,19.411609,-99.15314,577,303
506,624,CE-624 Luis Spota - Eje Central Lázaro Cárdenas,19.377516,-99.148116,624,24
507,620,CE-620 Fernando Montes de Oca - Priv. Lago,19.381804,-99.142997,620,80
508,592,CE-592 Cádiz - Eje Central Lázaro Cárdenas,19.399664,-99.145136,592,535
509,637,CE-637 Ajusco - Emperadores,19.36576,-99.144413,637,197
510,604,CE-604 Andalucía - Carteros,19.390945,-99.142972,604,184
511,634,CE-634 Rumania - Víctor Hugo,19.370133,-99.145866,634,511
512,568,CE-568 Doctor Barragán - Doctor Erazo,19.418013,-99.144598,568,0
513,639,CE-639 Bulgaria - Rumania,19.364528,-99.146988,639,568
514,573,CE-573 Fernando Ramírez - Isabel la Católica,19.412853,-99.138723,573,237
515,494,CE-494 Tláloc - Calzada México Tacuba,19.444053,-99.167429,494,93
516,563,CE-563 Doctor Velasco - Niños Héroes,19.419444,-99.149776,563,229
517,560,CE-560 Doctor Liceaga - Eje Central,19.421599,-99.143408,560,94
518,611,CE-611 Miguel Negrete - Niños Héroes de Chapultepec,19.387506,-99.146338,611,344
519,567,CE-567 Doctor Martínez del Río - Doctor José Terrés,19.417133,-99.145649,567,148
520,589,CE-589 Cádiz - Calzada de Tlalpan,19.39859,-99.137732,589,654
521,564,CE-564 Doctor Carmona y Valle - Doctor Velasco,19.419509,-99.153227,564,587
522,633,CE-633 Canarias - Calzada Santa Cruz,19.372175,-99.146356,633,632
523,664,CE-664 Hortensia - 2da cerrada de Minerva,19.355544,-99.178992,664,541
524,579,CE-579 Doctor Márquez - Privada Doctor Duran,19.410884,-99.144975,579,566
525,652,CE-652 Xicoténcatl - División del Norte,19.354876,-99.153611,652,586
526,663,CE-663 Hortensia - Avenida Universidad,19.3548028,-99.1754194,663,634
527,603,CE-603 Castilla - Eje 4 sur Xola,19.394422,-99.143291,603,327
528,548,CE-548 Dr. Mariano Azuela - Jose Antonio Alzate,19.447028903088047,-99.1543111950432,548,119
529,463,CE-463 Lago Andrómaco-Lago Zurich,19.443238843979103,-99.20280866324902,463,319
530,662,CE-662 Manzano - Circuito Interior,19.362041,-99.175158,662,665
531,679,CE-679 Olivo - Tecoyotitla,19.354886,-99.184642,679,437
532,571,CE-571 Manuel M. Flores - Calzada San Antonio Abad,19.416221,-99.134909,571,453
533,578,CE-578 Doctor Jiménez - Doctor Federico Gómez Santos,19.408649,-99.151126,578,216
534,666,CE-666 Moras - Naranjo,19.3614885,-99.1774325,666,667
535,556,CE-556 Plaza Tlaxcoaque - Diagonal 20 de noviembre,19.423056,-99.134941,556,55
536,678,CE-678 Francia - Tecoyotitla,19.3588634,-99.1829297,678,647
537,645,CE-645 Saratoga - Ajusco,19.358634,-99.152732,645,204
538,569,CE-569 Gutiérrez Nájera - Bolívar,19.415713,-99.141227,569,378
539,686,CE-686 Vito Alessio Robles - Universidad,19.352203,-99.178393,686,564
540,501,CE-501 Plan de Guadalupe /Ferrocarril de Cuernavaca - Eligio Ancona,19.454257,-99.172593,501,623
541,697,CE-697 Francisco Sosa - Tres Cruces,19.349277,-99.164921,697,332
542,530,CE-530  Membrillo - Cda. Nueces,19.4645,-99.16948,530,481
543,584,CE-584 Enrique Granados - José Peón Contreras (Eje 3),19.40697,-99.14383,584,189
544,580,CE-580 Antonio Solís - Bolívar,19.409817,-99.141643,580,83
545,575,CE-575 Fernando Ramírez - Eje Central,19.413235,-99.143476,575,156
546,590,CE-590 Fernando - Isabel la Católica,19.399172,-99.140625,590,427
547,650,CE-650 Xicoténcatl- Prolongación Xicoténcatl,19.355809,-99.149393,650,192
548,631,CE-631 Miguel Laurent - Eje Central,19.372907,-99.149207,631,248
549,687,CE-687 Francisco Sosa - Panzacola,19.349307,-99.179074,687,666
550,640,CE-640 Odesa - Bulgaria,19.367465,-99.148786,640,518
551,628,CE-628 Tenayuca - Chichen Itzá,19.378281,-99.15841,628,121
552,510,CE-510 Egipto - Calle Norte 79 A,19.462152,-99.178291,510,217
553,635,CE-635 Calzada Santa Cruz - Antillas,19.370586,-99.142294,635,34
554,655,CE-655 Gomez Farias - Viena,19.357086311891955,-99.16019652040175,655,593
555,531,CE-531 Norte 67 - Poniente 44,19.460356,-99.174283,531,530
556,684,CE-684 Vito Alessio Robles - Tecoyotitla,19.351594,-99.184772,684,590
557,613,CE-613 Luz Saviñón - Doctor José María Vertiz,19.390019,-99.15111,613,452
558,557,CE-557 5 de Febrero - Fernando de Alva Ixtlilxochitl,19.41981,-99.135941,557,496
559,642,CE-642 Repúblicas - Monrovia,19.364001,-99.150422,642,559
560,512,CE-512 Clavería - Floresta,19.465638,-99.186178,512,652
561,665,CE-665 Moras - Mango,19.3589028,-99.1779972,665,628
562,594,CE-594 Xochicalco - Obrero Mundial,19.402277,-99.153294,594,336
563,514,CE-514 José F. Gutiérrez - Invierno,19.470485,-99.188509,514,214
564,525,CE-525 Boldo - Tila,19.4683001,-99.165619,525,553
565,527,CE-527 Boldo - Alcanfores,19.464826,-99.163177,527,669
566,516,CE-516 Texcoco - Nilo,19.46669,-99.180302,516,640
567,595,CE-595 Yacatas - Diagonal de San Antonio,19.396983,-99.155114,595,25
568,517,CE-517 Ignacio Allende - Clavería,19.465377,-99.179197,517,171
569,519,CE-519 Poniente 58 - Cuitláhuac,19.464891,-99.177242,519,120
570,521,CE-521 Yuca - Clavelinas,19.466423,-99.173061,521,514
571,518,CE-518 Heliópolis - Norte 79A,19.468315,-99.177386,518,11
572,654,CE-654 Londres - San Pedro,19.355942,-99.157461,654,352
573,653,CE-653 Londres - División del Norte,19.356689,-99.153269,653,630
574,707,CE-707 Irlanda - División del Norte,19.348076,-99.14906,707,391
575,542,CE-542 Dr. Enrique González Martínez - Eligio Ancona,19.451838,-99.154584,542,100
576,636,CE-636 Ajusco - Antillas,19.367131,-99.142838,636,653
577,561,CE-561 Dr. Jiménez - Dr. Lavista,19.423673,-99.147957,561,404
578,585,CE-585 José Toribio Medina - Manuel Navarrete,19.405358,-99.14316,585,328
579,600,CE-600 Cumbres de Acultzingo - Av. Universidad,19.392463,-99.150544,600,142
580,599,CE-599 La Morena - Zempoala,19.398143,-99.148333,599,312
581,638,CE-638 Av Pirineos - C. Antillas,19.361743,-99.143867,638,75
582,591,CE-591 Simón Bolívar - La Coruña,19.402088,-99.142976,591,113
583,500,CE-500 Plan de Guadalupe /Ferrocarril de Cuernavaca - Juan Sarabia,19.456546,-99.169344,500,547
584,484,CE-484 Laguna Mayran - Lago Cuitzeo,19.44046,-99.174564,484,66
585,601,CE-601 Navarra - Fernando,19.395888,-99.145344,601,608
586,685,CE-685 Av De la Paz - Insurgentes,19.34769884286648,-99.18690070520825,685,43
587,535,CE-535 Av. Jardín - Orquídea,19.461773,-99.162241,535,403
588,544,CE-544 Salvador Díaz Mirón - Nogal,19.449773,-99.163136,544,266
589,505,CE-505 Mar Negro - Mariano Escobedo,19.455319,-99.181368,505,46
590,106,CE-106 San Jerónimo-José María Pino Suarez,19.42649,-99.133537,106,398
591,695,CE-695 Malintzin - Allende,19.352143,-99.162096,695,497
592,607,CE-607 Unión Postal - Calzada de Tlalpan,19.39091,-99.138953,607,515
593,690,CE-690 Tata Vasco - Av. Miguel Ángel de Quevedo,19.345966,-99.172975,690,576
594,648,CE-648 Rafael Olivia - 20 de agosto,19.354411,-99.147795,648,400
595,693,CE-693 Xicoténcatl - Vicente Guerrero,19.352531,-99.164913,693,571
596,644,CE-644 Monrovia - Popocatépetl (Eje 8 Sur),19.361371,-99.150619,644,326
597,705,CE-705 Europa - Miguel Ángel de Quevedo,19.344107,-99.155933,705,549
598,539,CE-539 Naranjo - Av. Ricardo Flores Magon,19.4551042,-99.1576905,539,8
599,538,CE-538 Nogal - Eligio Ancona,19.453778,-99.163128,538,115
600,588,CE-588  Av. Fernando - La coruña,19.401175,-99.13748,588,241
601,558,CE-558 Chimalpopoca - Simón Bolívar,19.4223,-99.139872,558,595
602,593,CE-593 Zempoala - Diagonal de San Antonio,19.401018,-99.147952,593,59
603,699,CE-699 San Gregorio - Felipe Carrillo Puerto,19.346895,-99.163868,699,661
604,490,CE-490 Lago Garda - FFCC,19.448935,-99.179295,490,108
605,627,CE-627 San Borja - Av. Universidad,19.382606,-99.156592,627,194
606,621,CE-621 Lago Poniente - Calzada de Tlalpan,19.379458,-99.140943,621,413
607,605,CE-605 5 de Febrero - Alfonso XIII,19.395084,-99.139519,605,492
608,674,CE-674 Silvestre Revueltas - Macedonio Alcalá,19.361846,-99.186814,674,597
609,528,CE-528 Tlatilco - Av. Jardín,19.464964,-99.160455,528,276
610,598,CE-598 Palenque - Cumbres de Maltrata,19.3931,-99.152012,598,560
611,671,CE-671 Plateros - Jose María Velasco,19.364577,-99.186288,671,617
612,583,CE-583 Ángel del Campo - 5 de Febrero,19.408087,-99.137763,583,585
613,493,CE-493 Lago Tláhuac - Laguna de Guzmán,19.445916,-99.170401,493,242
614,572,CE-572 Manuel J. Othón - José T. Cuellar,19.414677,-99.136894,572,1
615,596,CE-596 Cumbres de Maltrata - Uxmal,19.395205,-99.155049,596,2
616,186,CE-186 Gob. Gregorio V. Gelati-Gral. Francisco Molinos del Campo,19.412438,-99.188493,186,500
617,442,CE-442  Real de Mayorazgo - Avenida México - Coyoacán,19.359863,-99.165065,442,513
618,570,CE-570 Alfredo Chavero - Simón Bolívar,19.417595,-99.140972,570,517
619,647,CE-647 Antillas - Nevado,19.359256,-99.144433,647,569
620,608,CE-608 Ahorro Postal - Francisco Márquez,19.3884304,-99.1397718,608,621
621,698,CE-698 Cerrada Zamora - Av. Miguel Ángel de Quevedo,19.344873,-99.16357,698,610
622,610,CE-610  Av. Víctor Hugo - Av. Niños Héroes de Chapultepec,19.387174,-99.143708,610,502
623,641,CE-641 Sevilla - Av. Presidentes,19.368156,-99.151883,641,271
624,534,CE-534 Tlatilco - Jazmín,19.4587727,-99.1644993,534,17
625,574,CE-574 José María Roa Bárcenas - Simón Bolívar,19.411768,-99.140899,574,528
626,616,CE-616 Petén - Eje 5 Sur,19.384965,-99.1535881,616,405
627,646,CE-646  Rumania - Av. Popocatépetl,19.360545,-99.147501,646,411
628,489,CE-489 Lago Chalco - Laguna Tamiahua,19.446383,-99.17598,489,394
629,614,CE-614 Torres Adalid - Av. Cuauhtémoc,19.389293,-99.156348,614,244
630,632,CE-632 Victor Hugo - Sevilla,19.370891,-99.151577,632,412
631,625,CE-625 Zempoala - Angel Urraza,19.379442,-99.150064,625,251
632,581,CE-581 José María Roa Bárcenas - San Antonio Abad,19.411398,-99.135655,581,85
633,513,CE-513 Av. Aquiles Serdán - Av. Invierno,19.469578,-99.189828,513,126
634,197,CE-197 Presa Falcón - Miguel De Cervantes Saavedra,19.440924618966452,-99.20504942541812,197,544
635,576,CE-576 Doctor Arce - Jose Maria Vertiz,19.413464371675584,-99.14802946153031,576,165
636,520,CE-520 Salónica - Eje 3 Norte Camarones,19.470699086375355,-99.17832344770432,520,479
637,606,CE-606 Alfonso XIII - Aragón,19.394974,-99.138949,606,102
638,566,CE-566 Dr. Jiménez - Dr. García Diego,19.416239,-99.149542,566,187
639,565,CE-565 Dr. Martinez del Rio - Dr. Lucio,19.4176712000745,-99.15278613567352,565,90
640,587,CE-587 Jose Toribio Medina - Marcelino Davalos,19.404668302672064,-99.13694635033607,587,582
641,586,CE-586 Bernardo Couto-Juan E. Hernández y Davalos,19.40632606093993,-99.13877864484677,586,369
642,526,CE-526 Toronjil - Mejorana,19.466952,-99.162928,526,358
643,547,CE-547 Dr. Enrique González Martínez - Salvador Díaz Mirón,19.447481,-99.155443,547,42
644,488,CE-488 Huetzin - Cuitláhuac,19.444812,-99.170307,488,188
645,683,CE-683 Pedro Luis Ogazón-Insurgentes Sur,19.35038263626101,-99.18722301721571,683,504
646,582,CE-582 Antonio Solis-San Antonio Abad,19.40948,-99.135894,582,529
647,522,CE-522 Prol. Nueces - Av. Cuitlahuac,19.470597,-99.1700529,522,472
648,523,CE-523 Toronjil - Av. Cuitlahuac,19.471112,-99.165294,523,428
649,508,CE-508 Libertad-C. José Sánchez Trujillo,19.462364,-99.183671,508,485
650,515,CE-515 Tebas-C. Salónica,19.469621805880028,-99.18408215045928,515,644
651,532,CE-532  Av. Biólogo Maximino Martínez - Camarones,19.4608358,-99.1711512,532,211
652,509,CE-509  Juárez - Venecia,19.459686,-99.1817781,509,154
653,533,CE-533  Av Plan de San Luis - Eulalia Gúzman,19.4604943,-99.1672704,533,250
654,440,CE-440  Martin Mendalde - M. López Cotilla,19.3617925,-99.1714707,440,258
655,676,CE-676  Ricardo Palmerín - Abundio Martínez,19.3582358,-99.1881061,676,455
656,680,CE-680  Diego Becerra - Av. Revolución,19.366701,-99.188228,680,365
657,675,CE-675 Manuel Castro Padilla - Av. Revolución,19.3625257,-99.1889584,675,556
658,529,CE-529  Av Plan de San Luis - Calle Clavelinas,19.465541,-99.166726,529,424
659,677,CE-677  Juan Pablo II - Av. de los Insurgentes Sur,19.35904,-99.184498,677,611
660,511,CE-511 Palestina - Egipto,19.463941,-99.18228,511,305
661,682,CE-682 Manuel M. Ponce - Fernando M. Villalpando,19.353534,-99.189548,682,461
662,681,CE-681 Guty Cárdenas - Ricardo Castro,19.355844,-99.189141,681,605
663,711,CE-711 Molino del Rey - Av. Constituyentes,19.414108,-99.191983,711,314
664,524,CE-524 Malvón - Juan Sarabia,19.468119,-99.167268,524,660
